Account Number,First name,Middle Name,Last name,Date of birth,Joint account or not,Joint Account Number
1234500001,Rudy,Louise,De,1988-02-22,yes,1234551236
1234500002,Davide,John,Barbieri,1975-04-08,yes,1234556694
1234500003,Sig.,Louise,Negri,1985-07-16,yes,1234559737
1234500004,Sig.,Louise,Rinaldi,1991-02-13,no,
1234500005,Ilario,William,Farina,1989-06-03,yes,1234554412
1234500006,Nayade,James,Bianco,1989-11-29,no,
1234500007,Carlo,Louise,Milani,1998-01-05,yes,1234555260
1234500008,Rosita,Louise,Palumbo,1995-09-30,no,
1234500009,Mirko,John,Marino,1976-06-13,no,
1234500010,Sig.,James,Russo,1975-06-29,yes,1234552410
1234500011,Ivano,Grace,Gerlando,1996-12-15,no,
1234500012,Soriana,Grace,Conti,1994-01-20,yes,1234553903
1234500013,Sirio,Thomas,Costantini,1978-12-25,yes,1234554042
1234500014,Quarto,Thomas,Morelli,1984-09-07,yes,1234552252
1234500015,Alan,Jane,Colombo,1986-05-21,yes,1234559816
1234500016,Mattia,Louise,Santoro,1998-04-17,yes,1234550971
1234500017,Aaron,David,De,1976-11-10,yes,1234553565
1234500018,Giacinto,Grace,Davis,1997-09-11,no,
1234500019,Sig.ra,Rose,D'angelo,1998-07-30,yes,1234552826
1234500020,Osvaldo,Jane,Rizzi,1980-03-20,no,
1234500021,Thea,James,Bellini,1981-04-01,no,
1234500022,Dott.,Thomas,D'amico,1989-07-16,no,
1234500023,Rosalba,David,Santoro,1987-01-11,no,
1234500024,Sig.ra,Jane,Gatti,1990-03-11,no,
1234500025,Guendalina,David,Gentile,1983-06-28,yes,1234553153
1234500026,Italo,Grace,De,1996-10-13,no,
1234500027,Sig.,Louise,Sirio,1994-12-10,yes,1234559491
1234500028,Ninfa,Jane,Mancini,1984-12-15,no,
1234500029,Rudy,Thomas,Giordano,1977-12-29,no,
1234500030,Noemi,Grace,De,1998-05-26,no,
1234500031,Sig.,Jane,Bellini,1976-04-29,yes,1234554870
1234500032,Lamberto,Grace,Valentini,1993-09-23,yes,1234552884
1234500033,Gelsomina,John,Damico,1983-05-09,no,
1234500034,Gianleonardo,Rose,Gianantonio,1981-08-01,no,
1234500035,Dott.,David,Bernardi,1976-09-12,yes,1234557751
1234500036,Sig.,Grace,Giuliani,1986-05-09,no,
1234500037,Demian,Jane,Filomena,1976-10-05,no,
1234500038,Mattia,David,Ferraro,1986-02-07,no,
1234500039,Emidio,Rose,Bruno,1976-01-05,no,
1234500040,Sig.,William,Ferretti,1997-06-13,yes,1234556964
1234500041,Anastasio,Louise,D'angelo,1987-03-10,no,
1234500042,Dott.,Jane,Silvestri,1992-06-14,yes,1234559180
1234500043,Deborah,Grace,Silvestri,1986-04-30,yes,1234553822
1234500044,Sabatino,David,Sanna,1975-01-02,no,
1234500045,Kai,Thomas,Ricci,1997-12-13,yes,1234559787
1234500046,Ethan,David,Sirio,1996-11-08,yes,1234553450
1234500047,Dott.,Thomas,Pellegrini,1995-07-23,no,
1234500048,Moreno,James,Barbieri,1984-01-31,no,
1234500049,Sig.ra,Louise,Gastone,1997-08-14,no,
1234500050,Hector,Grace,De,1982-05-10,no,
1234500051,Mecren,Rose,Eriberto,1981-01-03,no,
1234500052,Marcella,Grace,Costantini,1980-05-12,yes,1234551584
1234500053,Flavio,William,Grassi,1996-11-13,yes,1234551785
1234500054,Rosalino,James,Serra,1986-11-17,no,
1234500055,Nick,Jane,Rocco,1980-09-11,no,
1234500056,Clodovea,Grace,Grassi,1996-06-01,no,
1234500057,Emilia,John,Galli,1989-05-25,yes,1234553718
1234500058,Isabel,Rose,Fabbri,1986-01-08,no,
1234500059,Flavio,William,Rossi,1993-08-07,no,
1234500060,Costanzo,James,Pellegrini,1991-02-21,no,
1234500061,Sig.ra,James,Carbone,1998-09-18,no,
1234500062,Pacifico,John,Milani,1987-01-02,no,
1234500063,Nico,Louise,Fabbri,1980-09-30,no,
1234500064,Raoul,William,Piersilvio,1976-05-23,no,
1234500065,Alighiero,James,Messina,1977-10-04,no,
1234500066,Carmelo,John,Milani,1997-12-30,no,
1234500067,Sig.ra,Thomas,Basile,1979-04-16,no,
1234500068,Pierfrancesco,Grace,Marchetti,1978-05-10,no,
1234500069,Noemi,Jane,Miriana,1978-10-09,no,
1234500070,Rocco,Grace,Russo,1992-09-12,no,
1234500071,Sandro,Louise,Palumbo,1992-12-19,no,
1234500072,Vitalba,David,Azue,1989-04-28,no,
1234500073,Caio,James,Gentile,1977-01-14,no,
1234500074,Jack,Grace,Sala,1990-08-08,no,
1234500075,Carmela,William,Guerra,1994-11-16,no,
1234500076,Edipo,Louise,Bianchi,1991-08-20,no,
1234500077,Pierfrancesco,Thomas,Costantini,1991-02-25,yes,1234558970
1234500078,Sig.,Rose,Amato,1981-11-11,no,
1234500079,Erminia,Grace,De,1985-05-13,yes,1234555730
1234500080,Gastone,John,Basile,1990-02-24,no,
1234500081,Dott.,Rose,Leonardo,1988-06-24,no,
1234500082,Sig.ra,David,Gentile,1998-03-28,no,
1234500083,Giulio,William,Thea,1990-02-20,no,
1234500084,Liborio,James,Gianleonardo,1988-11-12,yes,1234558686
1234500085,Dott.,David,Costantini,1985-11-27,no,
1234500086,Dott.,Jane,Elda,1977-12-17,yes,1234551052
1234500087,Sig.ra,John,Leone,1998-06-09,no,
1234500088,Evangelista,David,Conte,1989-07-27,yes,1234554046
1234500089,Michele,William,Gallo,1998-06-23,yes,1234553815
1234500090,Sig.ra,Rose,Greco,1989-03-12,yes,1234551467
1234500091,Marina,David,Ferrara,1976-02-08,no,
1234500092,Piererminio,Rose,Radames,1998-08-07,yes,1234559465
1234500093,Sarita,John,Gallo,1981-06-01,no,
1234500094,Lorenzo,Louise,Gianleonardo,1975-03-25,yes,1234553145
1234500095,Giulio,James,Longo,1988-07-31,yes,1234551926
1234500096,Flavio,David,Esposito,1983-09-30,no,
1234500097,Giuliano,William,Fiore,1979-04-18,no,
1234500098,Sig.ra,James,Leone,1994-07-08,yes,1234556067
1234500099,Lino,Jane,Pellegrini,1991-03-08,no,
1234500100,Arturo,Rose,Ursula,1996-01-25,no,
1234500101,Yago,James,Pellegrini,1986-04-25,no,
1234500102,Sig.,Grace,Negri,1986-05-22,no,
1234500103,Gianriccardo,David,Negri,1990-08-25,yes,1234557431
1234500104,Dott.,William,Ricci,1975-07-13,no,
1234500105,Dott.,James,Ruggiero,1998-08-29,yes,1234550818
1234500106,Loris,Jane,Ferri,1981-10-08,no,
1234500107,Lucia,William,Martini,1996-03-15,yes,1234557271
1234500108,Noah,Grace,Bernardi,1985-01-26,yes,1234558698
1234500109,Danthon,David,De,1994-10-23,yes,1234552272
1234500110,Sig.ra,John,Marino,1986-03-15,no,
1234500111,Sig.ra,Rose,Gabriele,1993-12-01,yes,1234554109
1234500112,Fabio,Grace,Gatti,1982-11-11,yes,1234550702
1234500113,Bortolo,Louise,Valentini,1979-05-17,no,
1234500114,Sig.,Grace,Sanna,1990-03-31,no,
1234500115,Caio,David,Vitale,1983-07-22,no,
1234500116,Dott.,Rose,Bruno,1984-04-13,yes,1234551804
1234500117,Davis,Rose,Esposito,1992-03-04,yes,1234556074
1234500118,Fernando,Rose,Danuta,1996-03-29,no,
1234500119,Giacinto,Grace,Benedetti,1979-11-20,yes,1234553837
1234500120,Erminia,David,Donati,1988-11-07,yes,1234550487
1234500121,Ninfa,John,D'angelo,1997-05-03,yes,1234552271
1234500122,Michele,Rose,Sorrentino,1984-09-16,yes,1234556898
1234500123,Tommaso,Jane,Lombardo,1978-08-15,no,
1234500124,Cassiopea,Jane,Basile,1980-11-06,no,
1234500125,Fiorentino,Rose,Pellegrini,1992-09-16,yes,1234559351
1234500126,Osea,David,Neri,1997-05-29,yes,1234552657
1234500127,Fernando,James,Morelli,1985-09-23,no,
1234500128,Morgana,Louise,Kociss,1992-05-22,yes,1234550054
1234500129,Karim,John,Testa,1997-02-23,yes,1234559491
1234500130,Sasha,Thomas,Clea,1993-08-21,yes,1234551771
1234500131,Aroldo,Jane,Sartori,1989-04-14,no,
1234500132,Quarto,Thomas,Sartori,1995-04-03,no,
1234500133,Jari,Louise,Donati,1978-08-13,yes,1234553323
1234500134,Sig.ra,Grace,Bellini,1994-06-21,no,
1234500135,Sig.ra,James,Benedetta,1978-06-27,yes,1234557618
1234500136,Giorgio,Rose,Giuliani,1977-11-27,yes,1234550680
1234500137,Ethan,James,Rizzo,1986-08-11,yes,1234558257
1234500138,Marino,Rose,Barbieri,1993-04-26,yes,1234550493
1234500139,Emilia,David,Vinicio,1995-07-23,no,
1234500140,Sig.ra,David,D'angelo,1978-04-26,yes,1234555473
1234500141,Sig.ra,Louise,Edipo,1975-06-12,yes,1234550891
1234500142,Fiorenzo,William,Giulietta,1980-02-23,no,
1234500143,Selvaggia,Thomas,Walter,1985-11-17,no,
1234500144,Azue,Thomas,Mariani,1993-04-14,yes,1234557526
1234500145,Dott.,Jane,Luna,1978-06-09,no,
1234500146,Artemide,William,Leonardo,1983-10-14,no,
1234500147,Sig.ra,Grace,Piras,1981-08-16,yes,1234551139
1234500148,Sig.,Rose,Testa,1980-12-09,yes,1234555326
1234500149,Lamberto,Grace,Martino,1993-07-03,yes,1234554599
1234500150,Giordano,Grace,Rizzi,1988-08-05,no,
1234500151,Boris,Rose,Rossetti,1996-12-28,yes,1234550422
1234500152,Gianleonardo,William,Ercole,1985-07-13,yes,1234555783
1234500153,Vania,Thomas,Villa,1992-02-03,no,
1234500154,Cirino,William,Bruno,1992-07-25,yes,1234550819
1234500155,Sig.,Louise,Vitali,1993-03-23,no,
1234500156,Ilario,William,Elio,1981-04-01,no,
1234500157,Sig.,Jane,Valentini,1981-07-30,no,
1234500158,Sig.ra,William,Assia,1995-11-15,no,
1234500159,Elsa,Grace,Orlando,1975-05-05,yes,1234559950
1234500160,Egidio,William,Coppola,1989-08-22,no,
1234500161,Moreno,Thomas,Fontana,1989-11-24,no,
1234500162,Dott.,John,Silvestri,1998-04-08,no,
1234500163,Nazzareno,Thomas,Grassi,1991-03-06,no,
1234500164,Sig.,James,Sala,1983-04-04,no,
1234500165,Loretta,Rose,Antimo,1982-10-13,no,
1234500166,Carmela,Thomas,Gallo,1993-09-22,yes,1234556797
1234500167,Sig.ra,Rose,Bellini,1991-03-19,yes,1234555196
1234500168,Ileana,Rose,Ruggiero,1997-06-21,no,
1234500169,Egisto,Thomas,Palmieri,1989-06-27,no,
1234500170,Sig.,John,Palumbo,1982-09-22,no,
1234500171,Raoul,David,Martini,1983-04-24,yes,1234553402
1234500172,Dott.,James,Basile,1980-11-09,no,
1234500173,Bibiana,John,Damico,1989-03-22,yes,1234552200
1234500174,Sig.ra,John,Negri,1978-11-17,yes,1234554492
1234500175,Sig.,Grace,Villa,1991-12-31,yes,1234552636
1234500176,Jelena,Grace,Valentini,1975-01-11,yes,1234557681
1234500177,Radames,Jane,Fabbri,1977-03-13,no,
1234500178,Noel,Jane,Costa,1986-08-14,yes,1234556430
1234500179,Erminia,William,Bianchi,1977-05-19,no,
1234500180,Isabel,Grace,D'angelo,1995-07-06,yes,1234559090
1234500181,Neri,James,Neri,1983-09-11,no,
1234500182,Violante,James,Benedetti,1983-07-22,yes,1234554137
1234500183,Gregorio,John,Serra,1981-01-23,yes,1234557404
1234500184,Piererminio,Jane,Bruno,1981-05-03,yes,1234554645
1234500185,Dott.,James,Bianchi,1983-06-15,yes,1234558653
1234500186,Sig.ra,Grace,De,1996-09-14,no,
1234500187,Fortunata,Grace,Martino,1989-02-12,yes,1234559188
1234500188,Rosaria,William,Xavier,1996-11-17,no,
1234500189,Cleros,Louise,Barbieri,1993-12-23,no,
1234500190,Lucia,Grace,Ferri,1993-04-17,yes,1234551456
1234500191,Flavio,David,Sala,1988-09-12,no,
1234500192,Sig.ra,David,Tancredi,1989-07-27,yes,1234557346
1234500193,Gabriele,Louise,Rosolino,1989-10-30,yes,1234559169
1234500194,Sig.ra,William,D'angelo,1989-01-09,no,
1234500195,Dindo,David,Donati,1976-04-12,yes,1234559050
1234500196,Sig.,Grace,Marchetti,1988-01-17,yes,1234556896
1234500197,Armando,Rose,Costantini,1996-07-26,no,
1234500198,Dott.,Louise,Romolo,1994-09-02,yes,1234557145
1234500199,Fortunata,Grace,Barone,1997-02-19,yes,1234553781
1234500200,Mauro,Thomas,Guerra,1976-12-16,no,
1234500201,Sig.ra,Louise,Ruggiero,1989-01-19,no,
1234500202,Sig.ra,William,Silvestri,1993-05-27,yes,1234552450
1234500203,Loris,John,Thea,1976-10-10,no,
1234500204,Sig.,Louise,Lucia,1994-12-13,no,
1234500205,Kristel,Thomas,Rizzi,1986-07-16,yes,1234555134
1234500206,Hector,John,Serse,1990-01-10,yes,1234555458
1234500207,Gastone,John,Maria,1980-09-13,no,
1234500208,Priamo,John,Miriam,1984-10-04,yes,1234559579
1234500209,Ulrico,David,Conti,1986-11-17,yes,1234551011
1234500210,Genziana,John,Amato,1994-09-22,no,
1234500211,Umberto,John,Luigi,1995-05-09,no,
1234500212,Xavier,Louise,De,1984-01-08,yes,1234556400
1234500213,Romolo,William,Artes,1990-09-06,yes,1234552229
1234500214,Lauro,Grace,Donati,1982-07-04,no,
1234500215,Sig.,Jane,Ricci,1983-01-18,yes,1234551837
1234500216,Ubaldo,Jane,Caruso,1992-08-07,yes,1234551297
1234500217,Ulrico,Thomas,De,1994-12-14,no,
1234500218,Naomi,Jane,Nayade,1998-12-29,no,
1234500219,Sig.,Grace,Graziano,1977-06-28,yes,1234551678
1234500220,Clea,Louise,Felicia,1989-06-30,yes,1234558921
1234500221,Lucrezia,David,Fontana,1994-07-04,no,
1234500222,Piccarda,David,Bernardi,1989-04-22,yes,1234558635
1234500223,Sig.,Thomas,Donati,1983-07-02,no,
1234500224,Rebecca,Louise,Gianleonardo,1980-11-12,yes,1234552534
1234500225,Naomi,William,Ruggiero,1978-04-22,yes,1234554893
1234500226,Genziana,Jane,Ettore,1989-09-23,no,
1234500227,Abramo,Rose,Amato,1988-04-20,yes,1234557493
1234500228,Artemide,Thomas,Battaglia,1987-02-08,no,
1234500229,Secondo,James,Antimo,1989-11-25,yes,1234558410
1234500230,Clea,Grace,Fabbri,1985-07-10,yes,1234555868
1234500231,Costantino,Grace,Leone,1988-02-22,no,
1234500232,Teseo,Rose,Bianco,1983-04-04,no,
1234500233,Sig.ra,John,Lombardi,1985-12-18,yes,1234555337
1234500234,Dott.,Rose,Guerra,1989-10-04,yes,1234552486
1234500235,Cirino,Louise,Silvestri,1986-08-17,yes,1234558434
1234500236,Assia,William,Isabel,1982-06-22,yes,1234551462
1234500237,Jack,Grace,Colombo,1986-08-04,no,
1234500238,Sig.,William,Pellegrino,1976-01-19,yes,1234552509
1234500239,Eufemia,David,Lombardi,1987-02-16,yes,1234554765
1234500240,Mattia,Rose,Guerra,1988-10-10,no,
1234500241,Iacopo,Rose,Sartori,1978-11-26,no,
1234500242,Enrico,John,Manuele,1982-09-09,yes,1234555186
1234500243,Cecco,Grace,Fiore,1976-04-09,yes,1234550574
1234500244,Cristyn,James,Milani,1978-01-30,no,
1234500245,Silvano,James,Giordano,1989-02-08,no,
1234500246,Grazia,Rose,Gregorio,1994-01-01,no,
1234500247,Alighieri,Louise,Parisi,1996-10-24,yes,1234553609
1234500248,Lamberto,John,Romano,1986-12-21,yes,1234553770
1234500249,Evangelista,Rose,Fontana,1987-08-31,no,
1234500250,Gianmaria,Jane,Coppola,1982-03-23,yes,1234559766
1234500251,Marco,David,Sarita,1991-04-02,yes,1234555221
1234500252,Brigitta,David,Martinelli,1978-05-20,no,
1234500253,Mirco,Jane,Ricci,1981-06-21,yes,1234559557
1234500254,Danny,Rose,Colombo,1986-04-11,no,
1234500255,Radames,Louise,Edvige,1978-10-29,no,
1234500256,Davis,Rose,Bianco,1994-02-10,yes,1234552062
1234500257,Dott.,William,Pericle,1976-01-09,yes,1234558986
1234500258,Ivonne,Rose,Sala,1989-03-08,no,
1234500259,Demian,John,Silvestri,1983-03-12,no,
1234500260,Thea,Jane,Cattaneo,1989-03-10,yes,1234556947
1234500261,Sig.ra,John,Gentile,1990-11-10,yes,1234557508
1234500262,Sig.,Grace,Conte,1998-12-31,no,
1234500263,Maika,John,Azue,1978-08-24,no,
1234500264,Rodolfo,Grace,Rinaldi,1981-07-30,yes,1234551344
1234500265,Giuliano,Thomas,Sanna,1997-11-29,yes,1234554990
1234500266,Ippolito,John,Conte,1992-02-11,no,
1234500267,Sig.ra,Jane,Colombo,1976-02-03,no,
1234500268,Dott.,David,Ferri,1990-02-13,no,
1234500269,Mariagiulia,James,Damico,1979-10-05,no,
1234500270,Dante,James,Basile,1977-06-30,no,
1234500271,Ortensia,Jane,Vienna,1988-06-21,no,
1234500272,Sibilla,Louise,De,1991-05-10,no,
1234500273,Domingo,Grace,Orlando,1989-06-18,yes,1234555921
1234500274,Sig.,Rose,Negri,1986-11-11,no,
1234500275,Tancredi,William,Eufemia,1996-12-25,yes,1234559660
1234500276,Isira,Thomas,Marino,1993-11-08,no,
1234500277,Piererminio,David,Irene,1994-08-06,no,
1234500278,Sig.,David,Omar,1997-03-11,yes,1234558922
1234500279,Sig.,William,Ariel,1980-11-17,no,
1234500280,Lia,Thomas,Fatima,1981-06-17,yes,1234555630
1234500281,Giovanna,Jane,Mancini,1993-09-11,no,
1234500282,Edvige,Jane,Barbieri,1983-03-16,yes,1234551353
1234500283,Leone,Louise,Vitale,1988-06-06,yes,1234558819
1234500284,Deborah,Grace,Messina,1989-01-20,yes,1234556764
1234500285,Sig.,Thomas,Negri,1986-03-20,no,
1234500286,Rosita,William,D'amico,1991-01-27,no,
1234500287,Loretta,James,Caligola,1977-03-12,yes,1234559298
1234500288,Flavio,Grace,Lucia,1983-03-06,no,
1234500289,Sig.,Louise,De,1987-10-11,yes,1234556004
1234500290,Soriana,Jane,Silvestri,1990-01-19,yes,1234559215
1234500291,Marcella,Grace,Farina,1977-02-10,yes,1234554351
1234500292,Evita,John,Bianchi,1996-08-03,no,
1234500293,Marina,Rose,Mancini,1998-07-05,yes,1234556903
1234500294,Lidia,James,Esposito,1980-08-03,no,
1234500295,Fabiano,James,Sanna,1976-12-07,yes,1234553317
1234500296,Oretta,Jane,De,1976-12-19,no,
1234500297,Gianmaria,James,Sala,1984-06-05,no,
1234500298,Giulietta,Thomas,Amedeo,1978-01-07,yes,1234558063
1234500299,Giorgio,Rose,Benedetti,1998-08-14,no,
1234500300,Violante,David,Cattaneo,1981-03-09,yes,1234559662
1234500301,Sig.,James,Mancini,1978-07-10,no,
1234500302,Gioacchino,Louise,Ricci,1986-09-25,yes,1234555781
1234500303,Muzio,James,D'amico,1978-06-29,yes,1234556881
1234500304,Ninfa,John,Rizzo,1983-04-13,no,
1234500305,Celeste,Jane,Nabil,1975-03-31,yes,1234557945
1234500306,Noah,Louise,Cesidia,1992-05-08,yes,1234551231
1234500307,Loredana,Grace,Villa,1977-08-02,yes,1234551719
1234500308,Caio,Rose,Evita,1975-02-17,no,
1234500309,Ulrico,John,Bellini,1992-11-13,yes,1234550635
1234500310,Ariel,Rose,Lombardi,1991-04-25,yes,1234551294
1234500311,Omar,William,Secondo,1987-02-04,no,
1234500312,Elsa,John,Lia,1985-01-17,no,
1234500313,Yago,David,Guerra,1990-12-13,no,
1234500314,Audenico,Louise,Cattaneo,1977-03-28,yes,1234556787
1234500315,Piccarda,Grace,Rizzo,1983-05-24,no,
1234500316,Ivonne,James,Messina,1975-05-11,no,
1234500317,Sig.ra,John,Valentini,1986-08-02,no,
1234500318,Fiorenzo,Louise,Pellegrino,1981-09-14,yes,1234554554
1234500319,Enzo,David,Leone,1995-09-18,yes,1234554582
1234500320,Nayade,Thomas,Bernardi,1998-09-23,no,
1234500321,Domingo,Louise,Guendalina,1983-08-11,no,
1234500322,Egidio,Rose,Bernardi,1993-12-01,yes,1234550235
1234500323,Morgana,William,Battaglia,1993-09-13,yes,1234552379
1234500324,Kris,John,Colombo,1977-09-14,yes,1234551643
1234500325,Leonardo,David,Martini,1998-07-19,no,
1234500326,Samuel,Rose,Neri,1990-09-29,no,
1234500327,Dott.,Grace,Martini,1976-05-07,no,
1234500328,Alighiero,Jane,Greco,1983-11-24,no,
1234500329,Sig.,Grace,Serra,1994-11-25,no,
1234500330,Sig.ra,Grace,Sanna,1996-07-26,yes,1234555873
1234500331,Sig.ra,John,Barbieri,1992-01-17,no,
1234500332,Sig.,John,Martino,1996-01-13,yes,1234559859
1234500333,Laura,Grace,Sorrentino,1997-03-31,yes,1234551291
1234500334,Cosetta,Grace,Caio,1997-06-30,yes,1234558474
1234500335,Danny,William,Parisi,1990-05-29,no,
1234500336,Evita,William,Barbieri,1988-05-22,yes,1234556340
1234500337,Vania,Grace,Gatti,1994-10-26,no,
1234500338,Tancredi,James,Longo,1989-01-10,no,
1234500339,Mattia,Rose,Costa,1987-05-01,no,
1234500340,Serse,William,Conti,1979-05-27,no,
1234500341,Prisca,John,Sorrentino,1984-09-04,no,
1234500342,Raniero,William,Barone,1975-01-25,no,
1234500343,Sig.ra,John,Palmieri,1982-09-12,yes,1234558436
1234500344,Dott.,Thomas,Fontana,1998-01-27,yes,1234556429
1234500345,Sandro,David,Mariani,1983-01-20,no,
1234500346,Audenico,James,Martino,1989-01-13,no,
1234500347,Dott.,David,Ferrara,1981-01-07,yes,1234552804
1234500348,Dott.,John,Ferretti,1979-08-17,yes,1234558277
1234500349,Pietro,Grace,Rizzo,1977-07-18,yes,1234553886
1234500350,Sig.,Thomas,Moretti,1977-08-15,yes,1234558368
1234500351,Edilio,Thomas,Rossetti,1979-05-19,yes,1234550662
1234500352,Giulio,Grace,Bruno,1987-07-19,no,
1234500353,Sig.,Grace,Orlando,1975-06-30,yes,1234555955
1234500354,Naomi,Thomas,Gatti,1996-08-18,no,
1234500355,Rosolino,William,Rizzo,1998-07-12,no,
1234500356,Timothy,Grace,Silvestri,1994-06-21,yes,1234552876
1234500357,Sig.ra,John,Rizzo,1989-05-24,yes,1234551357
1234500358,Sig.ra,Louise,Mancini,1990-01-03,no,
1234500359,Dott.,David,Bianco,1985-12-31,yes,1234551438
1234500360,Ludovico,Thomas,Ferrari,1984-04-17,yes,1234559056
1234500361,Cira,John,Fabbri,1994-10-23,yes,1234557081
1234500362,Sig.ra,John,Morelli,1991-04-22,no,
1234500363,Vinicio,James,Villa,1983-08-07,yes,1234550820
1234500364,Ferdinando,William,Bellini,1998-09-27,yes,1234555322
1234500365,Lamberto,Grace,Messina,1977-06-30,no,
1234500366,Radio,Grace,Vitale,1983-04-02,no,
1234500367,Sig.ra,James,De,1981-08-02,yes,1234551153
1234500368,Isabel,James,Greco,1979-06-28,no,
1234500369,Alan,James,Galli,1990-07-27,no,
1234500370,Sig.ra,David,Ferretti,1988-08-31,no,
1234500371,Sig.ra,William,Esposito,1994-03-18,no,
1234500372,Filomena,Jane,Carbone,1975-02-16,no,
1234500373,Aroldo,Rose,Negri,1993-09-01,no,
1234500374,Ilario,Thomas,Bernardi,1988-01-27,yes,1234558041
1234500375,Ortensia,James,Monti,1992-05-21,yes,1234551770
1234500376,Secondo,Rose,Lombardo,1987-01-29,no,
1234500377,Ian,Rose,Lombardo,1995-01-29,yes,1234559607
1234500378,Mariapia,Louise,Barbieri,1982-02-03,yes,1234556686
1234500379,Sig.ra,John,Emidio,1988-02-15,yes,1234558020
1234500380,Sarita,Rose,Amato,1996-06-19,no,
1234500381,Pietro,Rose,Rinaldi,1975-01-21,yes,1234558293
1234500382,Leonardo,David,Marino,1993-08-19,yes,1234559623
1234500383,Osea,William,Costantini,1988-02-21,yes,1234557162
1234500384,Dott.,John,Bianchi,1998-07-06,yes,1234551781
1234500385,Graziano,Grace,Ruggiero,1979-05-27,yes,1234553695
1234500386,Enzo,Jane,Testa,1983-02-25,yes,1234558141
1234500387,Dott.,David,Giuliani,1993-07-09,yes,1234550542
1234500388,Radames,Jane,Ferri,1978-09-03,no,
1234500389,Danthon,Grace,Marcella,1979-04-12,no,
1234500390,Max,James,Russo,1991-08-08,no,
1234500391,Sig.,Grace,Martini,1983-08-04,yes,1234559987
1234500392,Sig.ra,Grace,Barone,1989-07-24,no,
1234500393,Cosetta,Grace,Farina,1994-01-24,no,
1234500394,Ferdinando,John,Negri,1986-05-13,yes,1234550729
1234500395,Boris,Louise,Martini,1976-11-06,no,
1234500396,Gabriele,Louise,D'angelo,1978-05-10,no,
1234500397,Antimo,Thomas,Neri,1989-05-13,no,
1234500398,Cristyn,Thomas,Rizzi,1981-08-13,yes,1234559629
1234500399,Dott.,Jane,Rinaldi,1995-11-12,yes,1234553803
1234500400,Alessandro,William,Lombardo,1987-01-18,yes,1234559047
1234500401,Cleopatra,Thomas,Testa,1986-09-28,yes,1234557297
1234500402,Dott.,William,Farina,1991-02-04,yes,1234556249
1234500403,Evita,Thomas,Basile,1993-10-22,no,
1234500404,Sig.,Louise,Milani,1978-11-10,no,
1234500405,Bortolo,Rose,Domingo,1980-06-06,no,
1234500406,Yago,Grace,Cristyn,1977-08-05,yes,1234556730
1234500407,Ivano,Thomas,Marino,1981-06-08,no,
1234500408,Sig.ra,David,De,1994-04-17,yes,1234556578
1234500409,Jelena,Grace,Milani,1989-12-08,no,
1234500410,Romolo,Jane,Santoro,1978-03-25,yes,1234551138
1234500411,Sig.ra,Jane,Milani,1980-03-11,yes,1234556497
1234500412,Lorenzo,Jane,Donati,1983-05-27,no,
1234500413,Ermes,John,Manuele,1994-11-05,yes,1234552850
1234500414,Egisto,John,Conti,1994-05-26,yes,1234554528
1234500415,Joseph,John,Kristel,1988-04-11,yes,1234553502
1234500416,Gianriccardo,James,Ruggiero,1989-07-29,no,
1234500417,Giacobbe,William,Tristano,1995-05-19,yes,1234550221
1234500418,Pierfrancesco,Rose,Basile,1976-04-08,no,
1234500419,Ortensia,Grace,Audenico,1977-12-11,yes,1234553109
1234500420,Manuele,David,Mauro,1977-05-09,no,
1234500421,Vienna,Grace,Damico,1978-01-22,no,
1234500422,Prisca,James,Rizzo,1992-11-16,no,
1234500423,Flaviana,William,Donati,1987-08-26,yes,1234558929
1234500424,Odino,Rose,Galli,1982-02-15,no,
1234500425,Piccarda,David,Pellegrini,1996-11-13,no,
1234500426,Edipo,Rose,Gatti,1998-07-26,no,
1234500427,Sig.,William,De,1994-01-18,no,
1234500428,Shaira,John,Negri,1988-09-07,no,
1234500429,Sig.,David,Ferri,1996-08-14,no,
1234500430,Osvaldo,James,Demi,1976-12-02,yes,1234555641
1234500431,Sig.,Grace,Orlando,1979-07-23,yes,1234554196
1234500432,Dott.,Jane,De,1989-03-01,no,
1234500433,Dott.,Jane,Moretti,1976-07-25,yes,1234553814
1234500434,Valdo,John,ellen,1977-08-13,no,
1234500435,Sig.ra,James,Marini,1993-02-20,yes,1234559563
1234500436,Eliziario,William,Fabbri,1985-03-26,no,
1234500437,Ariel,Louise,Giuliani,1985-07-30,yes,1234551575
1234500438,Nayade,Rose,Egidio,1982-07-29,no,
1234500439,Dott.,Jane,Ruggiero,1998-10-03,no,
1234500440,Vera,Louise,Fiore,1987-11-06,no,
1234500441,Rita,Thomas,Deborah,1994-11-23,no,
1234500442,Kayla,Grace,Bernardi,1975-05-30,no,
1234500443,Sig.ra,Grace,D'angelo,1997-05-03,no,
1234500444,Timothy,Thomas,Palumbo,1998-02-16,yes,1234551402
1234500445,Clodovea,David,Boris,1978-12-19,no,
1234500446,Davis,Jane,Sue,1984-08-22,no,
1234500447,Ciro,Grace,Pierfrancesco,1977-08-05,yes,1234551628
1234500448,Edipo,Grace,Leone,1991-08-23,no,
1234500449,Secondo,Louise,Leone,1988-07-09,yes,1234554958
1234500450,Dott.,Jane,Milani,1985-01-18,yes,1234559882
1234500451,Sig.ra,Grace,Lombardo,1986-08-04,no,
1234500452,Maggiore,Louise,Graziano,1996-04-03,no,
1234500453,Eusebio,Rose,Bianco,1981-04-18,no,
1234500454,Valdo,Rose,D'amico,1990-12-05,no,
1234500455,Claudia,Thomas,Bellini,1976-07-24,no,
1234500456,Tristano,William,Ferretti,1979-04-13,no,
1234500457,Fatima,James,Serra,1986-07-16,no,
1234500458,Rodolfo,Grace,D'angelo,1996-01-18,yes,1234553933
1234500459,Santo,David,Sala,1986-07-09,no,
1234500460,Samira,David,Conti,1978-12-05,no,
1234500461,Sig.,John,Neri,1981-02-28,yes,1234551923
1234500462,Bernardo,William,Liborio,1991-12-03,no,
1234500463,Fernando,David,Bellini,1993-04-26,yes,1234552493
1234500464,Tazio,Grace,Gianmarco,1989-10-17,yes,1234552900
1234500465,Assia,Jane,Testa,1988-12-14,yes,1234557018
1234500466,Aroldo,Rose,Ricci,1991-09-29,yes,1234558379
1234500467,Samuel,Louise,Giordano,1987-05-14,no,
1234500468,Serse,Jane,Sanna,1986-10-18,yes,1234551101
1234500469,Nico,John,Grasso,1982-04-08,yes,1234557742
1234500470,Nathan,Thomas,Caruso,1983-07-18,no,
1234500471,Danthon,Louise,Pellegrini,1994-03-08,no,
1234500472,Maria,John,Ferretti,1982-11-14,yes,1234552360
1234500473,Damiano,Rose,Quirino,1996-08-28,yes,1234556887
1234500474,Kristel,David,Palmieri,1979-10-20,yes,1234559348
1234500475,Gilda,Jane,Cattaneo,1977-05-19,no,
1234500476,Eriberto,Thomas,Silvestri,1992-03-10,no,
1234500477,Sig.,Jane,Russo,1994-04-20,yes,1234550068
1234500478,Sig.,William,Orlando,1992-08-22,yes,1234551715
1234500479,Ingrid,Rose,Riva,1991-09-23,yes,1234557967
1234500480,Lidia,David,Monti,1997-04-25,yes,1234553856
1234500481,Gavino,John,Leone,1981-09-06,no,
1234500482,Orfeo,John,Amato,1995-10-21,yes,1234552872
1234500483,Clea,Grace,Martinelli,1976-06-08,no,
1234500484,Sig.ra,James,Sandro,1981-01-29,no,
1234500485,Avide,Thomas,Testa,1994-06-15,no,
1234500486,Carmela,James,Bernardo,1994-04-14,no,
1234500487,Ettore,William,Pietro,1976-07-18,no,
1234500488,Fabiano,Jane,Marina,1976-02-21,no,
1234500489,Ettore,Rose,Fiore,1982-01-31,yes,1234558489
1234500490,Jack,Thomas,Miriam,1996-03-09,yes,1234550070
1234500491,Furio,Thomas,Ferretti,1988-04-01,no,
1234500492,Eustachio,David,Jacopo,1985-12-30,no,
1234500493,Bacchisio,John,Caputo,1983-01-13,yes,1234556658
1234500494,Marina,Rose,Conte,1976-09-24,yes,1234550355
1234500495,Ettore,William,Vienna,1976-04-24,no,
1234500496,Ione,Rose,Penelope,1991-12-26,yes,1234555923
1234500497,Amos,Grace,Santoro,1977-12-07,yes,1234551085
1234500498,Armando,Thomas,Sartori,1995-12-14,no,
1234500499,Fiorentino,Thomas,Conti,1995-09-14,yes,1234554170
1234500500,Sandro,Grace,Irene,1982-06-29,yes,1234555257
1234500501,Lino,William,Ferri,1980-02-10,yes,1234551892
1234500502,Romeo,Grace,Iacopo,1985-01-11,yes,1234550674
1234500503,Fatima,John,Negri,1981-04-10,no,
1234500504,Ubaldo,Grace,Ercole,1978-10-29,yes,1234552285
1234500505,Dylan,Louise,Battaglia,1993-09-18,yes,1234552524
1234500506,Maruska,David,Longo,1989-10-31,yes,1234557681
1234500507,Alan,Grace,Grasso,1995-09-29,no,
1234500508,Graziano,James,Gentile,1982-11-16,yes,1234555568
1234500509,Grazia,Rose,Ilario,1977-05-20,no,
1234500510,Mariagiulia,James,Farina,1996-05-21,no,
1234500511,Marvin,William,Leone,1986-11-25,yes,1234557871
1234500512,Rudy,John,De,1990-12-01,no,
1234500513,Oretta,James,Gatti,1978-10-30,yes,1234558013
1234500514,Fiorentino,Louise,De,1980-01-30,yes,1234556382
1234500515,Odone,William,Giuliano,1986-09-09,no,
1234500516,Loris,Jane,Ricci,1998-09-29,yes,1234552543
1234500517,Liborio,John,Neri,1976-06-03,yes,1234552520
1234500518,Ippolito,David,Nestore,1990-07-23,yes,1234551320
1234500519,Boris,John,Milani,1996-11-20,yes,1234553201
1234500520,Maristella,William,Santoro,1979-08-04,yes,1234558725
1234500521,Raoul,Grace,Esposito,1991-12-14,yes,1234553222
1234500522,Dott.,Louise,Colombo,1984-03-26,yes,1234550503
1234500523,Diana,David,Loredana,1992-01-04,yes,1234558721
1234500524,Erminia,John,Mariani,1976-01-07,yes,1234552535
1234500525,Sesto,Louise,Caputo,1990-12-22,no,
1234500526,Mecren,Louise,Fiorentino,1998-11-22,no,
1234500527,Vinicio,Jane,Bernardi,1989-03-17,no,
1234500528,Demi,Rose,Rocco,1991-05-26,no,
1234500529,Cristyn,David,Palumbo,1996-04-19,yes,1234557297
1234500530,Avide,Jane,Rizzo,1991-02-28,no,
1234500531,Sig.ra,William,Marini,1987-04-05,no,
1234500532,Olo,Jane,Montanari,1976-02-06,no,
1234500533,Ingrid,Rose,Eriberto,1975-01-21,no,
1234500534,Manuele,Thomas,Eustachio,1991-04-25,yes,1234550630
1234500535,Samuel,Grace,Romano,1978-01-17,no,
1234500536,Giacinto,William,Villa,1985-08-29,no,
1234500537,Tolomeo,Grace,Russo,1989-10-09,no,
1234500538,Cassiopea,Jane,Conte,1996-02-03,yes,1234555963
1234500539,Dott.,Rose,Guerra,1996-07-25,yes,1234553383
1234500540,Ivonne,Thomas,Graziano,1990-09-21,no,
1234500541,Eliziario,Louise,Timoteo,1986-12-09,yes,1234559552
1234500542,Quirino,William,Testa,1978-10-15,no,
1234500543,Rosaria,John,Ferri,1988-06-28,no,
1234500544,Sig.,William,Giulietta,1998-05-28,no,
1234500545,Primo,Louise,Silvestri,1997-01-17,no,
1234500546,Lucia,Grace,Edvige,1980-10-28,no,
1234500547,Sig.ra,Louise,Domingo,1979-11-08,yes,1234551507
1234500548,Siro,David,Matilde,1985-03-18,no,
1234500549,Miriam,John,Giancarlo,1975-03-10,no,
1234500550,Liborio,Thomas,Costantini,1980-09-18,yes,1234551811
1234500551,Artemide,Thomas,Ricci,1988-08-18,no,
1234500552,Marina,William,Walter,1991-07-17,no,
1234500553,Sig.,Grace,Rosalino,1977-01-28,yes,1234559455
1234500554,Graziano,James,Valentini,1986-08-23,no,
1234500555,Sig.,John,Giuliani,1997-07-20,yes,1234552399
1234500556,Sig.ra,David,Gatti,1983-04-04,no,
1234500557,Bacchisio,John,Russo,1989-11-20,no,
1234500558,Adriano,Grace,Moretti,1978-05-21,no,
1234500559,Renato,Thomas,Sorrentino,1989-11-04,no,
1234500560,Sig.ra,Louise,Bianco,1996-04-25,yes,1234553197
1234500561,Osvaldo,William,Bruno,1992-01-05,no,
1234500562,Albino,John,Santoro,1979-11-22,yes,1234551280
1234500563,Selvaggia,Grace,Lucia,1983-05-12,no,
1234500564,Gerlando,Thomas,Conte,1986-08-08,no,
1234500565,Dott.,John,Ivano,1989-08-17,yes,1234551174
1234500566,Antonio,David,Ausonio,1984-04-30,yes,1234558270
1234500567,Max,Rose,Selvaggia,1992-06-19,no,
1234500568,Carmela,John,Donati,1977-01-25,yes,1234551403
1234500569,Nathan,John,Giuliani,1982-08-02,yes,1234558520
1234500570,Kristel,Grace,Leone,1998-02-20,yes,1234554654
1234500571,Gianantonio,Grace,Montanari,1998-07-19,yes,1234551819
1234500572,Enrico,Rose,Palmieri,1983-10-28,yes,1234551008
1234500573,Sig.,Thomas,Battaglia,1991-07-09,no,
1234500574,Caio,Rose,Sartori,1976-04-15,no,
1234500575,Antonino,Rose,Marchetti,1994-02-19,no,
1234500576,Rita,James,Pellegrini,1990-12-12,no,
1234500577,Xavier,John,Caruso,1997-01-03,yes,1234554038
1234500578,Fernando,Grace,Secondo,1994-05-30,no,
1234500579,Kociss,Thomas,Caputo,1985-07-18,no,
1234500580,Elda,James,Gentile,1996-07-18,no,
1234500581,Ippolito,Grace,Parisi,1984-10-22,no,
1234500582,Ethan,Thomas,Basile,1980-06-25,no,
1234500583,Gianantonio,Louise,Marzio,1991-11-22,no,
1234500584,Edvige,Thomas,Giuliano,1991-08-19,no,
1234500585,Cira,John,Piras,1984-08-25,no,
1234500586,Abramo,Thomas,Palumbo,1991-06-02,no,
1234500587,Adriano,Thomas,Morelli,1987-06-27,yes,1234558305
1234500588,Eliziario,Jane,Vera,1977-11-14,yes,1234552309
1234500589,Gilda,James,Bernardi,1995-11-19,no,
1234500590,Artes,Thomas,Giuliani,1986-08-20,no,
1234500591,Priamo,Thomas,Fiore,1976-11-13,no,
1234500592,Sig.ra,Rose,Leone,1997-02-26,no,
1234500593,Mariano,William,Marini,1997-03-19,yes,1234559211
1234500594,Muzio,John,Basile,1984-12-20,yes,1234553856
1234500595,Arduino,Louise,Amato,1976-02-06,yes,1234550836
1234500596,Sig.,Jane,Orlando,1985-03-05,yes,1234553167
1234500597,Dindo,James,Fiorenzo,1987-08-11,yes,1234557533
1234500598,Sig.,Grace,Farina,1995-01-11,yes,1234550233
1234500599,Dott.,Rose,Nunzia,1981-04-04,yes,1234551077
1234500600,Sig.ra,James,Ferretti,1980-07-31,yes,1234554649
1234500601,Sig.ra,Rose,Conte,1990-10-04,yes,1234553466
1234500602,Gaetano,David,Basile,1992-08-09,yes,1234553458
1234500603,Sig.ra,Rose,Milani,1998-10-22,yes,1234556600
1234500604,Dott.,Grace,Giordano,1998-08-17,yes,1234555379
1234500605,Sig.ra,Grace,Fabbri,1992-02-04,yes,1234552697
1234500606,Gianriccardo,Grace,Conti,1984-11-12,no,
1234500607,Sig.,Grace,Bianchi,1993-04-14,no,
1234500608,Eufemia,James,Caputo,1980-08-21,no,
1234500609,Sabino,David,Longo,1983-03-29,yes,1234555991
1234500610,Baldassarre,James,Conti,1994-02-02,no,
1234500611,Eriberto,James,Longo,1981-10-27,no,
1234500612,Valdo,Jane,De,1975-06-24,no,
1234500613,Olo,Thomas,Nunzia,1994-10-18,no,
1234500614,Dott.,James,Tristano,1995-03-29,no,
1234500615,Elda,Thomas,Vitali,1976-08-07,yes,1234557953
1234500616,Sig.ra,Louise,Conte,1982-02-22,no,
1234500617,Helga,David,Felicia,1998-11-19,no,
1234500618,Fortunata,Thomas,Amedeo,1986-05-20,no,
1234500619,Sig.,Jane,Rizzo,1993-05-01,no,
1234500620,Sig.,Rose,Costantino,1979-01-29,yes,1234556151
1234500621,Tolomeo,David,Ferretti,1978-01-13,yes,1234555462
1234500622,Alighieri,Rose,Helga,1976-05-19,no,
1234500623,Olimpia,John,Bernardi,1996-04-23,yes,1234557470
1234500624,Dott.,Thomas,Montanari,1983-10-05,yes,1234552369
1234500625,Lamberto,Rose,Parisi,1983-05-16,no,
1234500626,Ivonne,James,Cattaneo,1976-07-16,yes,1234553655
1234500627,Ubaldo,James,Villa,1994-04-07,no,
1234500628,Ileana,Rose,Grasso,1976-07-15,no,
1234500629,Marco,David,Orlando,1984-03-12,no,
1234500630,Teseo,Thomas,Palmieri,1979-03-14,yes,1234553956
1234500631,Renzo,Rose,De,1976-08-08,no,
1234500632,Sig.,James,Ferraro,1995-01-04,no,
1234500633,Sig.ra,Rose,Marini,1979-02-08,yes,1234559671
1234500634,Sig.ra,Jane,Montanari,1990-01-29,yes,1234559521
1234500635,Gavino,Jane,Sala,1977-07-31,yes,1234559986
1234500636,Rocco,Rose,Mazza,1997-09-16,no,
1234500637,Tommaso,Thomas,Lombardi,1988-11-14,yes,1234552616
1234500638,Alessandro,James,Sala,1992-02-12,yes,1234558280
1234500639,Sig.,Grace,Pellegrini,1982-07-31,yes,1234550472
1234500640,Graziano,David,Longo,1976-04-30,no,
1234500641,Egisto,Jane,Riva,1985-12-13,yes,1234559344
1234500642,Rita,Grace,Fabbri,1975-06-15,yes,1234554601
1234500643,Flavio,Grace,Sanna,1998-04-20,yes,1234556364
1234500644,Rita,Louise,Farina,1997-09-29,yes,1234555998
1234500645,Nabil,Grace,Soriana,1990-05-16,no,
1234500646,Marino,Grace,Vitale,1983-08-14,yes,1234550963
1234500647,Gianmarco,Jane,Mariapia,1980-11-15,no,
1234500648,Eustachio,James,Vitali,1984-10-20,no,
1234500649,Donatella,Rose,Harry,1998-05-11,no,
1234500650,Maika,James,Gatti,1975-03-28,yes,1234559688
1234500651,Ursula,William,Marchetti,1981-09-22,no,
1234500652,Dott.,John,Elsa,1992-11-07,no,
1234500653,Edvige,William,Riva,1997-03-14,yes,1234554115
1234500654,Raniero,David,Sebastian,1992-03-17,no,
1234500655,Neri,Thomas,De,1989-03-28,no,
1234500656,Marzio,Louise,Ferrara,1987-02-28,yes,1234550084
1234500657,Sig.ra,William,Guerra,1989-06-10,no,
1234500658,Erminio,Louise,Monti,1995-06-10,yes,1234550118
1234500659,Akira,John,Marini,1980-08-18,no,
1234500660,Dott.,Rose,Ferraro,1985-01-12,no,
1234500661,Sig.ra,Grace,Costa,1977-08-03,no,
1234500662,Fiorentino,Louise,Testa,1978-08-19,yes,1234555222
1234500663,Sig.ra,Thomas,Gallo,1983-06-03,yes,1234553119
1234500664,Furio,David,Rossi,1980-01-22,yes,1234550480
1234500665,Sig.,William,Martino,1994-08-29,no,
1234500666,Sig.ra,Grace,Vitali,1976-08-27,yes,1234552050
1234500667,Mirko,Thomas,Parisi,1990-02-10,yes,1234556025
1234500668,Sig.ra,Louise,Serra,1985-10-02,yes,1234552698
1234500669,Bacchisio,Grace,Russo,1980-12-31,no,
1234500670,Italo,Louise,Serra,1989-03-15,yes,1234559083
1234500671,Siro,John,Martinelli,1987-02-23,yes,1234558874
1234500672,Cesidia,James,Moreno,1993-06-12,yes,1234553825
1234500673,Trevis,James,Rizzi,1990-09-14,yes,1234551326
1234500674,Gilda,James,Mariano,1985-09-29,no,
1234500675,Omar,John,Ciro,1980-02-08,no,
1234500676,Dott.,David,Colombo,1980-01-25,no,
1234500677,Soriana,Grace,Assia,1979-01-10,yes,1234557082
1234500678,Lamberto,Grace,Fontana,1975-10-13,no,
1234500679,Gastone,John,Sanna,1991-12-30,no,
1234500680,Cassiopea,Grace,Ferraro,1992-02-06,no,
1234500681,Sig.ra,David,Ricci,1981-02-12,no,
1234500682,Thea,David,Martini,1977-05-04,no,
1234500683,Fernando,William,Palumbo,1978-09-06,yes,1234557352
1234500684,Sig.ra,Thomas,Villa,1984-05-23,no,
1234500685,Alighiero,Louise,Esposito,1990-09-25,yes,1234551040
1234500686,Mecren,James,Donatella,1990-05-15,yes,1234558522
1234500687,Dott.,David,Galli,1997-02-19,yes,1234552659
1234500688,Raniero,Louise,Sartori,1980-12-12,yes,1234559096
1234500689,Dott.,William,Bianchi,1991-02-01,no,
1234500690,Valdo,Louise,Guerra,1986-06-06,no,
1234500691,Ione,John,Conti,1988-09-03,yes,1234555116
1234500692,Demi,Jane,Romano,1992-07-17,no,
1234500693,Gaetano,David,Barbieri,1977-02-15,no,
1234500694,Felicia,Jane,Costa,1975-06-29,no,
1234500695,Dott.,James,Montanari,1995-12-06,yes,1234556224
1234500696,Emilia,David,Riva,1996-08-27,no,
1234500697,Cira,Rose,Sarita,1986-01-24,no,
1234500698,Sig.ra,Grace,Russo,1984-05-02,no,
1234500699,Akira,James,Silvestri,1990-04-07,yes,1234550810
1234500700,Fabiano,John,Palumbo,1977-11-03,yes,1234553445
1234500701,Prisca,Thomas,Pagano,1986-02-03,yes,1234559879
1234500702,Dott.,David,D'amico,1977-05-01,yes,1234554147
1234500703,Ercole,Rose,Amato,1980-02-27,yes,1234557691
1234500704,Grazia,Grace,Joseph,1980-12-04,no,
1234500705,Ausonio,John,Santoro,1975-01-31,no,
1234500706,Tristano,Thomas,Nabil,1991-06-17,no,
1234500707,Gregorio,Thomas,Leone,1992-03-01,yes,1234554848
1234500708,Edvige,David,Neri,1983-03-01,no,
1234500709,Irene,Louise,Orlando,1993-04-11,yes,1234556791
1234500710,Bacchisio,John,Rizzi,1978-02-01,no,
1234500711,Sig.,Louise,Serra,1994-01-22,no,
1234500712,Dott.,James,Barone,1977-04-29,yes,1234558180
1234500713,Dott.,James,Carbone,1988-01-04,yes,1234559834
1234500714,Dott.,David,Longo,1985-02-21,no,
1234500715,Samira,James,De,1976-11-16,yes,1234555114
1234500716,Dott.,David,Bernardi,1981-05-13,yes,1234554513
1234500717,Danny,James,Rosalba,1994-11-27,no,
1234500718,Dott.,Grace,Monti,1984-12-28,no,
1234500719,Isabel,Louise,Ferri,1986-12-01,yes,1234552405
1234500720,Adriano,David,Marini,1985-10-09,no,
1234500721,Arturo,Jane,Harry,1984-08-09,yes,1234552651
1234500722,Danthon,David,Lombardi,1980-11-16,no,
1234500723,Sig.ra,James,Monti,1979-09-03,no,
1234500724,Deborah,Grace,Grasso,1982-10-26,yes,1234558422
1234500725,Odone,David,Loredana,1975-10-02,no,
1234500726,Sig.ra,Jane,Matteo,1978-09-09,yes,1234552475
1234500727,Tazio,Grace,Rinaldi,1988-01-13,no,
1234500728,Dott.,Thomas,Gallo,1981-04-21,yes,1234554324
1234500729,Arturo,Thomas,Lombardo,1989-08-24,no,
1234500730,Clodovea,Thomas,Olimpia,1998-04-29,no,
1234500731,Jack,Grace,Bernardi,1984-05-17,no,
1234500732,Noemi,David,Enrica,1994-10-29,yes,1234555218
1234500733,Antonino,Louise,Marini,1997-12-07,yes,1234552959
1234500734,Quasimodo,John,Giuliani,1987-08-26,yes,1234551559
1234500735,Sig.,James,Orlando,1976-08-21,yes,1234556257
1234500736,Danuta,John,Concetta,1977-12-05,yes,1234555104
1234500737,Raniero,David,ellen,1980-04-23,yes,1234553765
1234500738,Omar,David,Conti,1992-03-23,yes,1234551660
1234500739,Adriano,Grace,Moretti,1975-05-05,yes,1234550774
1234500740,Erminia,Grace,Bacchisio,1983-08-13,no,
1234500741,Arturo,Thomas,Bruno,1984-02-17,yes,1234554026
1234500742,Ingrid,John,Ruggiero,1975-03-25,no,
1234500743,Marvin,Rose,Ferretti,1982-02-25,yes,1234554849
1234500744,Lidia,William,Ferrari,1994-11-08,yes,1234556531
1234500745,Mercedes,William,Caputo,1992-09-28,no,
1234500746,Dott.,William,Carbone,1980-12-11,no,
1234500747,Sig.,William,Mazza,1979-09-23,no,
1234500748,Damiano,Jane,Ricci,1987-04-05,yes,1234554897
1234500749,Edvige,Grace,Sartori,1977-10-01,yes,1234554052
1234500750,Teseo,Rose,Marini,1976-06-15,yes,1234552419
1234500751,Dindo,Grace,Mazza,1989-08-17,yes,1234552192
1234500752,Sabatino,Grace,Greco,1996-06-03,no,
1234500753,Dott.,John,Palmieri,1992-09-17,yes,1234556736
1234500754,Dott.,Louise,Ippolito,1997-10-17,no,
1234500755,Loris,William,Rizzo,1976-06-27,no,
1234500756,Gelsomina,David,Martinelli,1992-09-14,yes,1234550030
1234500757,Armando,Rose,Sartori,1979-05-31,yes,1234555767
1234500758,Cleopatra,Louise,Coppola,1981-06-15,yes,1234559806
1234500759,Bernardo,John,Fiore,1982-06-14,no,
1234500760,Davis,Grace,Rossetti,1980-05-05,yes,1234551588
1234500761,Jelena,John,Marini,1976-08-20,yes,1234552356
1234500762,Loretta,David,Leone,1998-11-03,no,
1234500763,Lia,James,Violante,1997-02-05,no,
1234500764,Ethan,David,Colombo,1995-04-10,no,
1234500765,Giacinta,Rose,Serra,1976-10-26,yes,1234553658
1234500766,Anselmo,Grace,Mazza,1982-04-21,no,
1234500767,Sandro,William,Barone,1977-10-17,yes,1234557639
1234500768,Alighiero,William,Edilio,1978-09-05,yes,1234555690
1234500769,Isira,Grace,Villa,1977-07-05,yes,1234551684
1234500770,Radio,Jane,Sartori,1978-08-31,no,
1234500771,Deborah,David,Testa,1989-12-30,no,
1234500772,Rudy,James,Pellegrino,1998-02-13,no,
1234500773,Dott.,James,Vienna,1985-11-15,yes,1234552395
1234500774,Costantino,Grace,Guerra,1988-12-02,no,
1234500775,Rudy,Grace,Bianchi,1980-09-22,no,
1234500776,Domiziano,John,Noah,1998-06-04,no,
1234500777,Kociss,James,Gatti,1985-10-29,no,
1234500778,Lidia,John,Rizzi,1998-07-08,no,
1234500779,Alighiero,Rose,Antimo,1997-10-11,yes,1234556255
1234500780,Santo,Thomas,Silvestri,1978-04-30,yes,1234554413
1234500781,Nathan,David,Gallo,1988-08-23,no,
1234500782,Sig.ra,John,Coppola,1981-02-13,no,
1234500783,Noah,William,Cleopatra,1988-12-26,no,
1234500784,Loris,Rose,Rizzi,1989-02-12,yes,1234552282
1234500785,Ercole,James,Santoro,1995-07-09,yes,1234557731
1234500786,Ludovico,Rose,Colombo,1980-07-11,yes,1234553085
1234500787,Sig.ra,Jane,Germano,1979-03-19,yes,1234550788
1234500788,Antonino,Jane,Fiore,1983-08-26,yes,1234550472
1234500789,Emilia,John,Basile,1982-11-13,yes,1234552080
1234500790,Sig.ra,David,De,1990-05-13,no,
1234500791,Fatima,Thomas,Bellini,1987-04-05,yes,1234553680
1234500792,Gianriccardo,John,Pellegrini,1975-01-29,no,
1234500793,Sig.,James,Neri,1997-09-27,yes,1234550211
1234500794,Lamberto,Louise,De,1990-04-22,yes,1234554644
1234500795,Prisca,Thomas,Giuliani,1984-07-07,yes,1234555866
1234500796,Marcella,John,Conte,1994-11-08,yes,1234559784
1234500797,Amerigo,David,Martini,1980-08-22,yes,1234555028
1234500798,Dindo,Grace,Giuliani,1992-08-19,no,
1234500799,Sig.ra,John,Aaron,1997-09-01,yes,1234552657
1234500800,Gianriccardo,James,Martino,1983-03-31,yes,1234556029
1234500801,Dott.,Louise,Moretti,1976-09-17,yes,1234554711
1234500802,Abramo,William,Ian,1995-04-28,no,
1234500803,Noel,John,Amato,1975-01-15,yes,1234551131
1234500804,Loretta,Jane,Sala,1979-06-04,no,
1234500805,Ione,Louise,Villa,1975-05-08,yes,1234556115
1234500806,Sig.,William,Serra,1987-05-03,no,
1234500807,Piererminio,David,Greco,1998-01-03,yes,1234557957
1234500808,Lino,Jane,Barone,1980-07-16,yes,1234551249
1234500809,Sig.ra,Grace,Mancini,1985-04-17,no,
1234500810,Emanuel,Grace,Gatti,1990-05-06,yes,1234554465
1234500811,Sig.ra,Jane,Ferraro,1987-12-10,no,
1234500812,Mirko,Jane,Ferrari,1998-02-10,yes,1234555032
1234500813,Sig.ra,John,Amato,1980-02-17,yes,1234554190
1234500814,Sig.,Thomas,Moretti,1991-08-13,no,
1234500815,Jelena,Jane,Soriana,1993-04-05,no,
1234500816,Dott.,Thomas,Manuele,1998-09-06,no,
1234500817,Sig.ra,David,Vitale,1981-12-03,yes,1234555615
1234500818,Manfredi,John,Lino,1987-01-02,no,
1234500819,Giordano,James,Benedetti,1982-12-08,no,
1234500820,Noel,John,Pellegrini,1998-10-03,no,
1234500821,Ulrico,William,Filomena,1984-02-01,yes,1234551158
1234500822,Giuliano,Thomas,Nicoletta,1989-05-03,no,
1234500823,Clea,John,Donati,1997-07-10,no,
1234500824,Germano,Grace,Greco,1994-01-03,no,
1234500825,Dott.,David,Damiano,1985-07-23,yes,1234554865
1234500826,Kociss,Thomas,Deborah,1988-11-26,yes,1234551171
1234500827,Sig.,James,Fabbri,1983-07-10,yes,1234557170
1234500828,Bettino,William,Bruno,1981-10-23,no,
1234500829,Sig.ra,Rose,Sibilla,1987-08-12,no,
1234500830,Baldassarre,Grace,Rossi,1985-03-07,no,
1234500831,Avide,William,Ferretti,1978-05-23,yes,1234551633
1234500832,Eliziario,John,Greco,1998-09-19,yes,1234559979
1234500833,Sig.ra,Thomas,Orlando,1979-11-22,yes,1234552280
1234500834,Sig.ra,John,Costantini,1997-07-12,no,
1234500835,Alessio,Rose,Testa,1977-05-29,yes,1234557089
1234500836,Leonardo,David,Palmieri,1991-06-12,yes,1234550970
1234500837,Evita,Louise,Ferraro,1996-11-03,yes,1234557167
1234500838,Sesto,Thomas,Marini,1995-08-30,no,
1234500839,Noah,Thomas,Giuliani,1994-05-06,no,
1234500840,Siro,Rose,Gatti,1985-08-10,yes,1234554960
1234500841,Ippolito,John,Martino,1998-01-30,no,
1234500842,Edipo,Louise,Pellegrini,1979-07-10,no,
1234500843,Miriam,James,Elio,1984-12-19,yes,1234557752
1234500844,Fulvio,Rose,Farina,1978-01-03,yes,1234552887
1234500845,Fiorentino,Jane,Felicia,1975-09-21,yes,1234559924
1234500846,Avide,James,Bellini,1986-06-13,yes,1234554534
1234500847,Cleopatra,David,Carlo,1977-11-29,yes,1234559373
1234500848,Sig.ra,Grace,Timoteo,1981-05-01,no,
1234500849,Ulrico,David,Leone,1998-05-13,yes,1234556636
1234500850,Antonio,Grace,Odone,1992-06-28,no,
1234500851,Dott.,John,Bianco,1993-11-08,yes,1234550911
1234500852,Joey,James,Colombo,1982-03-09,no,
1234500853,Lia,Louise,Rita,1994-12-15,yes,1234550209
1234500854,Lauro,Louise,Giuliani,1989-08-15,no,
1234500855,Ferdinando,Rose,Farina,1993-02-22,yes,1234551191
1234500856,Rosalba,Grace,Ferraro,1989-10-14,no,
1234500857,Dott.,Louise,Pellegrini,1989-01-31,no,
1234500858,Orfeo,Grace,Costantini,1979-01-23,no,
1234500859,Trevis,Rose,Sorrentino,1993-11-06,yes,1234557748
1234500860,Elsa,Rose,Farina,1995-04-18,no,
1234500861,Sig.,James,Cristyn,1996-10-10,yes,1234556746
1234500862,Dott.,Jane,Grassi,1976-01-31,no,
1234500863,Timoteo,Louise,Basile,1994-01-04,yes,1234558128
1234500864,Oreste,James,Alan,1982-12-21,no,
1234500865,Xavier,Louise,Pellegrino,1992-05-19,no,
1234500866,Dylan,James,Villa,1977-06-18,yes,1234557569
1234500867,Jack,James,D'amico,1986-03-12,yes,1234557533
1234500868,Odino,James,Basile,1994-09-10,yes,1234556415
1234500869,Pierfrancesco,Thomas,Palumbo,1996-11-02,yes,1234550701
1234500870,Violante,William,Marina,1986-04-22,yes,1234559456
1234500871,Sig.,William,Gregorio,1997-08-05,no,
1234500872,Sig.ra,Louise,Farina,1997-08-11,yes,1234558892
1234500873,Emanuel,Jane,Erminio,1981-02-11,yes,1234550099
1234500874,Carlo,Rose,Bruno,1995-05-01,yes,1234554193
1234500875,Lauro,Grace,Valentini,1977-01-18,no,
1234500876,Enrica,James,Piras,1982-02-17,no,
1234500877,Sue,Rose,Bernardi,1985-03-10,no,
1234500878,Mirko,Louise,Basile,1978-09-10,yes,1234550257
1234500879,Yago,John,Prisca,1991-12-10,no,
1234500880,Lino,Jane,Bernardi,1988-04-21,no,
1234500881,Shaira,Louise,Marini,1985-11-19,no,
1234500882,Rosolino,William,Orlando,1995-11-19,no,
1234500883,Giobbe,Grace,Conti,1991-04-05,no,
1234500884,Italo,Louise,De,1976-02-14,yes,1234551458
1234500885,Dott.,Jane,Ferraro,1993-07-20,yes,1234558816
1234500886,Alighiero,Grace,Loredana,1981-06-02,no,
1234500887,Fulvio,John,Mazza,1990-05-17,no,
1234500888,Sig.ra,Louise,Damiano,1978-01-08,no,
1234500889,Sig.,William,Fiore,1978-12-04,no,
1234500890,Sandro,David,Bibiana,1990-08-12,yes,1234552947
1234500891,Dott.,William,Amato,1986-07-08,yes,1234550367
1234500892,Sig.ra,James,Rossetti,1979-07-15,yes,1234554742
1234500893,Aroldo,Grace,Romano,1977-01-10,no,
1234500894,Sig.ra,Louise,Costantini,1996-07-18,yes,1234559244
1234500895,Sig.ra,Louise,Morelli,1989-11-02,yes,1234557608
1234500896,Pacifico,John,Grazia,1978-10-04,no,
1234500897,Isabel,David,Lucia,1995-09-30,yes,1234556040
1234500898,Nabil,Jane,Ferri,1988-01-07,yes,1234556783
1234500899,Selvaggia,Jane,Giuliani,1983-05-26,no,
1234500900,Dott.,Rose,Donati,1978-06-20,yes,1234555224
1234500901,Enzo,Thomas,Serra,1986-03-21,yes,1234552944
1234500902,Fortunata,Louise,Riva,1979-06-15,yes,1234553423
1234500903,Lorenzo,David,Bruno,1992-02-29,no,
1234500904,Isira,Rose,Negri,1982-05-19,no,
1234500905,Dott.,Jane,Sandro,1995-06-07,yes,1234559896
1234500906,Gianleonardo,Louise,De,1991-04-11,yes,1234551211
1234500907,Mietta,Jane,Ferraro,1991-10-31,yes,1234552957
1234500908,Amerigo,Rose,Vitalba,1996-02-12,yes,1234559396
1234500909,Quirino,Grace,Bruno,1985-05-16,no,
1234500910,Jacopo,Jane,Riva,1990-08-07,yes,1234551176
1234500911,Damiana,Rose,Gentile,1981-09-13,no,
1234500912,Nestore,James,Marvin,1981-09-19,yes,1234556444
1234500913,Rosaria,Thomas,Gatti,1976-06-15,no,
1234500914,Eliziario,James,Tosca,1990-08-13,no,
1234500915,Danthon,Thomas,Rossi,1986-07-25,yes,1234559572
1234500916,Mietta,Jane,Sanna,1979-06-29,yes,1234551143
1234500917,Marco,Louise,Mazza,1979-06-02,yes,1234555639
1234500918,Augusto,Thomas,Gallo,1990-05-17,yes,1234552330
1234500919,Maruska,John,Moretti,1976-06-18,yes,1234553571
1234500920,Olo,Louise,Rossetti,1976-12-14,no,
1234500921,Irene,Thomas,Galli,1987-08-25,no,
1234500922,Tancredi,William,Ferrari,1983-12-20,yes,1234550717
1234500923,Sig.,David,Siro,1982-03-26,yes,1234551373
1234500924,Emilia,David,Bianchi,1990-10-01,yes,1234559450
1234500925,Giorgio,Rose,Marchetti,1989-07-19,yes,1234552195
1234500926,Dott.,John,Abramo,1976-02-16,yes,1234550326
1234500927,Sig.ra,James,Vienna,1997-02-24,yes,1234550744
1234500928,Sasha,Grace,Barbieri,1998-11-11,no,
1234500929,Maria,David,Testa,1994-03-14,no,
1234500930,Nico,Jane,Caruso,1977-07-04,no,
1234500931,Manfredi,John,Bianchi,1991-02-23,yes,1234550127
1234500932,Lucia,John,Leone,1978-07-06,no,
1234500933,Cosetta,John,Barone,1977-08-23,yes,1234552834
1234500934,Carmela,Thomas,Barone,1992-02-22,no,
1234500935,Domingo,Rose,Damico,1979-04-18,no,
1234500936,Omar,Grace,Edvige,1979-11-29,no,
1234500937,Egisto,David,Loredana,1981-12-02,yes,1234552651
1234500938,Joshua,Grace,Fiore,1975-10-12,no,
1234500939,Albino,John,Conte,1993-02-23,yes,1234556018
1234500940,Giulio,William,Fontana,1985-05-26,yes,1234554545
1234500941,Filomena,Grace,Marini,1980-08-22,yes,1234559336
1234500942,Jelena,Louise,De,1989-03-25,yes,1234552766
1234500943,Dott.,William,Martini,1994-06-08,yes,1234551564
1234500944,Rosalino,John,Moretti,1993-11-10,yes,1234551516
1234500945,Ethan,Grace,Ettore,1988-05-06,yes,1234556981
1234500946,Mercedes,Louise,Cira,1979-02-13,no,
1234500947,Ione,William,Vitali,1989-10-10,yes,1234558487
1234500948,Max,John,Palumbo,1985-08-28,yes,1234558424
1234500949,Lino,William,Basile,1990-09-23,yes,1234558667
1234500950,Sig.ra,Rose,Fontana,1983-04-16,no,
1234500951,Samira,James,Fabbri,1981-10-18,no,
1234500952,Ubaldo,William,Gastone,1981-06-02,no,
1234500953,Prisca,Jane,Pellegrino,1979-07-21,no,
1234500954,Alighieri,John,Messina,1975-03-02,yes,1234551945
1234500955,Naomi,Grace,Carmela,1985-06-04,no,
1234500956,Maggiore,Rose,Riva,1983-09-17,yes,1234551477
1234500957,Olo,Thomas,Parisi,1981-11-17,no,
1234500958,Dott.,Jane,Testa,1995-12-08,no,
1234500959,Osea,David,Galli,1976-09-28,yes,1234551217
1234500960,Karim,John,Benedetti,1996-05-16,no,
1234500961,Mietta,Rose,Marino,1975-10-28,no,
1234500962,Sig.,William,Bernardi,1983-06-02,yes,1234558331
1234500963,Dott.,Louise,Mariani,1981-06-19,yes,1234555561
1234500964,Sig.,Thomas,Palmieri,1979-01-07,no,
1234500965,Gabriele,William,Lombardo,1983-05-13,no,
1234500966,Ubaldo,John,Zaccaria,1997-03-08,no,
1234500967,Dott.,William,Neri,1989-07-24,yes,1234552833
1234500968,Samira,Grace,Sorrentino,1977-01-14,yes,1234555871
1234500969,Sig.,John,Cira,1978-11-04,no,
1234500970,Ilario,Thomas,Leone,1978-12-01,no,
1234500971,Sig.ra,Jane,Lisa,1990-03-08,yes,1234550631
1234500972,Avide,Jane,Piras,1987-11-22,yes,1234550355
1234500973,Lidia,Rose,Ferrara,1998-10-04,no,
1234500974,Akira,Grace,Rizzi,1986-10-24,yes,1234559569
1234500975,Luna,William,Benedetti,1978-12-02,yes,1234555015
1234500976,Ercole,Thomas,Ferraro,1985-09-22,no,
1234500977,Renzo,Louise,Pellegrini,1995-01-11,yes,1234557510
1234500978,Arduino,David,Ferraro,1979-08-27,yes,1234553648
1234500979,Furio,Rose,Coppola,1985-03-25,no,
1234500980,Sig.,Thomas,De,1988-08-31,yes,1234554080
1234500981,Sig.ra,Thomas,Ricci,1975-05-04,yes,1234555303
1234500982,Dott.,David,Artes,1980-05-05,no,
1234500983,Maristella,Jane,Mancini,1997-12-05,yes,1234558105
1234500984,Dott.,Grace,Rizzo,1990-09-22,yes,1234559368
1234500985,Nayade,Louise,Irene,1991-12-25,no,
1234500986,Luna,Thomas,Gianmarco,1997-05-20,no,
1234500987,Sig.,Grace,Silvestri,1996-04-29,yes,1234554537
1234500988,Domingo,William,Grassi,1978-01-12,yes,1234556619
1234500989,Sig.ra,John,Davis,1977-07-28,no,
1234500990,Ione,Louise,Rossetti,1978-05-31,yes,1234553486
1234500991,Sig.,James,Egisto,1985-05-17,no,
1234500992,Fiorenzo,Louise,Bianco,1988-01-18,no,
1234500993,Sig.,Louise,Oretta,1993-09-05,yes,1234553805
1234500994,Sig.ra,William,Monti,1988-04-17,no,
1234500995,Sig.,David,Bianco,1980-03-13,no,
1234500996,Evangelista,James,Flavio,1996-07-31,yes,1234554843
1234500997,Dott.,Louise,Filomena,1989-01-14,yes,1234554385
1234500998,Joseph,James,Gentile,1978-10-28,yes,1234552393
1234500999,Ethan,David,Orlando,1976-10-06,no,
1234501000,Nathan,William,De,1989-09-25,no,
